{
    "home": {
    "title": "Bienvenido a mi Portafolio",
    "subtitle": "Desarrollador de Software",
    "description": "Soy un apasionado desarrollador de software con un enfoque en crear soluciones innovadoras."
    },
    "aboutMe": {
      "title": "Sobre Mi",
      "name": "Tu Nombre",
      "photo": "/path/to/photo.jpg",
      "profession": "Desarrollador de Software",
      "description": "Un apasionado desarrollador con un amor por crear soluciones innovadoras."
    },
    "education": {
        "title": "Educación",
        "items": [
        {
            "institution": "Universidad de Ejemplo",
            "degree": "Licenciatura en Ciencias de la Computación",
            "years": "2020-2024"
        },
        {
            "institution": "Escuela Secundaria Ejemplo",
            "degree": "Diploma de Secundaria",
            "years": "2015-2020"
        }
        ]
    },
    "workExperience":{
        "title": "Experiencia Laboral",
        "items": [
        {
            "jobTitle": "Desarrollador Frontend",
            "company": "Compañía Ejemplo",
            "years": "2023-Presente",
            "description": "Desarrollé interfaces de usuario utilizando React y Tailwind CSS."
        },
        {
            "jobTitle": "Becario",
            "company": "Startup Tecnológica",
            "years": "2022-2023",
            "description": "Asistí en la creación de un sitio web y trabajé en APIs backend."
        }
    ]
    },  
    "skill": {
        "title": "Habilidades",
        "items": 
        [
            {
                "name": "JavaScript",
                "level": "Avanzado"
            },
            {
                "name": "React",
                "level": "Intermedio"
            },
            {
                "name": "Tailwind CSS",
                "level": "Avanzado"
            }
        ]
    },
    "project": [],
    "contact": {
      "title": "Contacto",
      "email": "tu.email@ejemplo.com",
      "linkedin": "https://www.linkedin.com/in/tunombre"
    },
    "reference": {
        "title": "Referencias",
        "items": 
        [
            {
                "name": "Juan Pérez",
                "relationship": "Ex Jefe",
                "contact": "juan.perez@ejemplo.com",
                "photo": "/path/to/photo_juan.jpg",
                "description": "Juan fue mi jefe en Compañía Ejemplo y puede hablar sobre mis habilidades como desarrollador frontend."
            },
            {
                "name": "Ana Gómez",
                "relationship": "Profesora Universitaria",
                "contact": "ana.gomez@ejemplo.com",
                "photo": "/path/to/photo_ana.jpg",
                "description": "Ana fue mi profesora en varias asignaturas de Ciencias de la Computación y puede hablar sobre mis capacidades académicas."
            }
        ]
    }
    
  }
  